<!DOCTYPE html PUBLIC "-//W3C//DTD XHTML 1.0 Transitional//EN">

<html xmlns="" xml:lang="fr-fr" lang="fr-fr">

<head>



  <base href="" />

  

  <meta http-equiv="content-type" content="text/html; charset=utf-8" />

 



  

  <meta name="keywords" content="Mysql select _ minus one column" />



  

  <meta name="title" content="Mysql select _ minus one column" />



   

  <title>Mysql select _ minus one column</title>

  

</head>











<body>

 



<div id="ja-wrapper">

	<a name="Top" id="Top"></a>



	<!-- HEADER -->

	

<div id="ja-header" class="main clearfix">

		

<h1 class="logo">

		<span>Ville de Mysql select _ minus one column</span></h1>



	</div>



		<!-- //HEADER -->



	<!-- NAV -->

	

<div id="ja-mainnav" class="main clearfix">



	

<select id="handheld-nav" onchange="=;">

<option value="">Accueil</option>

<option selected="selected" value="#">Mairie</option>

<option selected="selected" value="#">---Vos d&eacute;marches</option>

<option selected="selected" value="/mairie/vos-demarches/a-la-mairie">------A la mairie</option>

<option value="/mairie/vos-demarches/droits-et-demarches">------Guide des droits et d&eacute;marches</option>

<option value="#">---La Mairie</option>

<option value="/mairie/ladministration/coordonnees">------Coordonn&eacute;es</option>

<option value="/mairie/ladministration/horaires-des-services">------Horaires des services</option>

<option value="/mairie/ladministration/lorganigramme">------L'organigramme</option>

<option value="/mairie/ladministration/vos-interlocuteurs">------Les num&eacute;ros de t&eacute;l&eacute;phone</option>

<option value="/mairie/ladministration/permanences">------Permanences</option>

<option value="/mairie/ladministration/acces-aux-documents">------Acc&egrave;s aux documents</option>

<option value="/mairie/ladministration/vos-services-pendant-les-travaux">------Vos services pendant les travaux</option>

<option value="#">---Le conseil municipal</option>

<option value="/mairie/le-conseil-municipal/vos-elus">------Vos &eacute;lus</option>

<option value="/mairie/le-conseil-municipal/fonctionnement">------Fonctionnement</option>

<option value="/mairie/le-conseil-municipal/commissions">------Commissions</option>

<option value="/mairie/le-conseil-municipal/tribune-libre">------Tribune libre</option>

<option value="/mairie/le-conseil-municipal/compte-rendu">------Compte rendu</option>

<option value="#">---Aspects financiers</option>

<option value="/mairie/aspects-financiers/contexte-budgetaire">------Contexte budg&eacute;taire</option>

<option value="/mairie/aspects-financiers/cadre-comptable">------Cadre comptable</option>

<option value="/mairie/aspects-financiers/le-budget">------Le budget</option>

<option value="/mairie/marche-public">---March&eacute;s publics</option>

<option value="#">---Recrutement</option>

<option value="/mairie/recrutement/devenir-collaborateur">------Devenir collaborateur</option>

<option value="/mairie/recrutement/postes-a-pourvoir">------Postes &agrave; pourvoir</option>

<option value="#">---Les Cahiers de Bischheim</option>

<option value="/mairie/les-cahiers-de-bischheim/les-cahiers-de-bischheim">------Les derniers num&eacute;ros</option>

<option value="/mairie/les-cahiers-de-bischheim/les-archives">------Les archives</option>

<option value="/mairie/les-cahiers-de-bischheim/dates-des-parutions">------Dates des parutions</option>

<option value="/mairie/les-cahiers-de-bischheim/publicite">------Publicit&eacute;</option>

<option value="/mairie/facebook">---Facebook</option>

<option value="/mairie/police-municipale">---Police municipale</option>

<option value="/mairie/signaler-un-dysfonctionnement">---Signaler un dysfonctionnement</option>

<option value="#">Enfance &amp; &eacute;ducation</option>

<option value="/enfance-a-education/petite-enfance">---Petite enfance</option>

<option value="/enfance-a-education/petite-enfance/accueil-familial">------Accueil familial</option>

<option value="/enfance-a-education/petite-enfance/accueil-familial/le-service-daccueil-familial">---------Le Service d'Accueil Familial</option>

<option value="/enfance-a-education/petite-enfance/accueil-familial/lassistante-maternelle-employee-par-la-famille">---------L'assistante maternelle employ&eacute;e par la famille</option>

<option value="/enfance-a-education/petite-enfance/accueil-familial/lassistante-maternelle-employee-par-la-famille/le-relais-assistants-maternels">------------Le Relais Assistants Maternels</option>

<option value="/enfance-a-education/petite-enfance/accueil-collectif">------Accueil collectif</option>

<option value="/enfance-a-education/petite-enfance/accueil-collectif/les-multi-accueils">---------Les multi-accueils</option>

<option value="/enfance-a-education/petite-enfance/accueil-collectif/les-multi-accueils/la-cle-de-sol">------------La Cl&eacute; de Sol</option>

<option value="/enfance-a-education/petite-enfance/accueil-collectif/les-multi-accueils/les-tambourins-ok">------------Les Tambourins</option>

<option value="/enfance-a-education/petite-enfance/accueil-collectif/les-multi-accueils/les-tambourins">------------Les Tambourins</option>

<option value="/enfance-a-education/petite-enfance/accueil-collectif/les-multi-accueils/le-niewes">------------Le Niewes</option>

<option value="/enfance-a-education/petite-enfance/accueil-collectif/les-multi-accueils/les-ptits-schtroumpfs">------------Les P'tits Schtroumpfs</option>

<option value="/enfance-a-education/petite-enfance/accueil-collectif/les-micro-creches">---------Les micro-cr&egrave;ches</option>

<option value="/enfance-a-education/petite-enfance/accueil-collectif/les-micro-creches/la-petite-plume">------------La Petite Plume</option>

<option value="/enfance-a-education/petite-enfance/accueil-collectif/halte-garderie">---------Halte-Garderie</option>

<option value="/enfance-a-education/petite-enfance/accueil-collectif/jardin-denfants">---------Jardin d'enfants</option>

<option value="/enfance-a-education/petite-enfance/accueil-enfantsparents">------Accueil enfants/parents</option>

<option value="/enfance-a-education/petite-enfance/accueil-enfantsparents/lieu-daccueil-enfantsparents">---------Lieu d'Accueil Enfants/Parents</option>

<option value="#">---Vie scolaire</option>

<option value="/enfance-a-education/vie-scolaire/ecoles-maternelles">------Ecoles maternelles</option>

<option value="/enfance-a-education/vie-scolaire/ecoles-elementaires">------Ecoles &eacute;l&eacute;mentaires</option>

<option value="/enfance-a-education/vie-scolaire/inscriptions-et-derogations">------Inscriptions et d&eacute;rogations</option>

<option value="/enfance-a-education/vie-scolaire/accueil-periscolaire">------Accueil p&eacute;riscolaire</option>

<option value="/enfance-a-education/vie-scolaire/restauration-scolaire">------Restauration scolaire</option>

<option value="/enfance-a-education/vie-scolaire/nap">------Nouvelles Activit&eacute;s P&eacute;riscolaires (NAP)</option>

<option value="/enfance-a-education/vie-scolaire/sante-scolaire">------Sant&eacute; scolaire</option>

<option value="/enfance-a-education/vie-scolaire/service-minimum-daccueil">------Service minimum d'accueil</option>

<option value="/enfance-a-education/vie-scolaire/calendrier">------Calendrier</option>

<option value="#">---Secondaire &amp; sup&eacute;rieur</option>

<option value="/enfance-a-education/secondaire-a-superieur/colleges-et-lycee">------Coll&egrave;ges et lyc&eacute;e</option>

<option value="/enfance-a-education/accueils-de-loisirs">---Accueils de loisirs</option>

<option value="#">Seniors</option>

<option value="#">---Loisirs culture et sport</option>

<option value="/seniors/loisirs-culture-et-sport/animations">------Animations</option>

<option value="/seniors/loisirs-culture-et-sport/amicale-des-seniors">------Amicale des seniors</option>

<option value="/seniors/loisirs-culture-et-sport/activite-physique">------Activit&eacute; physique</option>

<option value="/seniors/residence-c-huck">---R&eacute;sidence C. Huck</option>

<option value="#">---&Eacute;tablissements et services m&eacute;dico-sociaux</option>

<option value="/seniors/etablissements-et-services-medico-sociaux/la-voute-etoilee">------la Vo&ucirc;te Etoil&eacute;e</option>

<option value="/seniors/etablissements-et-services-medico-sociaux/viatrajectoire">------ViaTrajectoire</option>

<option value="/seniors/etablissements-et-services-medico-sociaux/services-daide-et-daccompagnement-a-domicile">------Services d'aide et d'accompagnement &agrave; domicile</option>

<option value="/seniors/services">---Services</option>

<option value="/seniors/ressources">---Ressources</option>

<option value="#">Culture</option>

<option value="/culture/saison-culturelle">---Saison culturelle</option>

<option value="#">---La Cour des Boecklin</option>

<option value="/culture/la-cour-des-boecklin/bibliotheque">------La biblioth&egrave;que</option>

<option value="/culture/la-cour-des-boecklin/la-cosytheque">------La cosyth&egrave;que</option>

<option value="#">------Le mus&eacute;e juif</option>

<option value="/culture/la-cour-des-boecklin/le-musee-juif/musee-du-bain-rituel-juif">---------Mus&eacute;e du bain rituel juif</option>

<option value="/culture/la-cour-des-boecklin/le-musee-juif/miqves-dans-la-tradition-juive">---------Miqv&eacute;s dans la tradition juive</option>

<option value="/culture/la-cour-des-boecklin/le-musee-juif/juifs-de-bischheim-et-strasbourg">---------Juifs de Bischheim et Strasbourg</option>

<option value="/culture/la-cour-des-boecklin/le-musee-juif/figures-juives-de-bischheim">---------Figures juives de Bischheim</option>

<option value="/culture/la-cour-des-boecklin/le-musee-juif/bibliographie">---------Bibliographie</option>

<option value="#">---L'&eacute;cole de musique</option>

<option value="/culture/lecole-de-musique/la-pedagogie">------La p&eacute;dagogie</option>

<option value="/culture/lecole-de-musique/les-orchestres-et-ateliers">------Les orchestres et ateliers</option>

<option value="/culture/lecole-de-musique/concerts-aperitifs">------Concerts ap&eacute;ritifs</option>

<option value="#">---L'&eacute;cole de danse</option>

<option value="/culture/lecole-de-danse/pratique-de-la-danse">------Pratique de la danse</option>

<option value="/culture/lecole-de-danse/handidanse">------Handidanse</option>

<option value="/culture/lecole-de-danse/horaires-et-lieux">------Horaires et lieux</option>

<option value="/culture/lecole-de-danse/stages">------Stages</option>

<option value="/culture/le-big-band">---Le Big Band</option>

<option value="/culture/lharmonie-de-bischheim">---L'Harmonie de Bischheim</option>

<option value="#">Sports &amp; loisirs</option>

<option value="#">---Jeunesse</option>

<option value="/sports-a-loisirs/jeun-esse/animjeunes">------Anim'jeunes</option>

<option value="/sports-a-loisirs/jeun-esse/animsports">------Anim'sports</option>

<option value="/sports-a-loisirs/jeun-esse/jobs-dete">------Jobs d'&eacute;t&eacute;</option>

<option value="#">---Equipements sportifs</option>

<option value="/sports-a-loisirs/equipements-sportifs/parc-des-sports">------Parc des Sports</option>

<option value="/sports-a-loisirs/equipements-sportifs/gymnase-du-ried">------Gymnase du Ried</option>

<option value="/sports-a-loisirs/equipements-sportifs/gymnase-lamartine">------Gymnase Lamartine</option>

<option value="/sports-a-loisirs/equipements-sportifs/stade-mars">------Stade Mars</option>

<option value="/sports-a-loisirs/equipements-sportifs/zone-sportive-ouest">------Zone Sportive Ouest</option>

<option value="/sports-a-loisirs/equipements-sportifs/parcours-de-sante">------Parcours de sant&eacute;</option>

<option value="/sports-a-loisirs/baignade">---Plan d'eau de la Ballasti&egrave;re</option>

<option value="#">---Bischheim en f&ecirc;te</option>

<option value="/sports-a-loisirs/bischheim-en-fete/le-messti">------Le Messti</option>

<option value="/sports-a-loisirs/bischheim-en-fete/le-bouc-bleu">------Le Bouc Bleu</option>

<option value="/sports-a-loisirs/bischheim-en-fete/journee-vide-grenier">------Vide grenier</option>

<option value="#">---Salles municipales</option>

<option value="/sports-a-loisirs/salles-municipales/cheval-blanc">------Cheval Blanc</option>

<option value="/sports-a-loisirs/salles-municipales/saint-laurent">------Saint-Laurent</option>

<option value="/sports-a-loisirs/salles-municipales/salle-du-cercle">------Salle du Cercle</option>

<option value="#">Solidarit&eacute;</option>

<option value="#">---Action sociale</option>

<option value="/solidarite/action-sociale/secteurs-dintervention">------Secteurs d'intervention</option>

<option value="/solidarite/action-sociale/les-dons-au-ccas">------Les dons au CCAS</option>

<option value="/solidarite/action-sociale/demande-de-subvention">------Demande de subvention</option>

<option value="/solidarite/epicerie-sociale">---Epicerie sociale</option>

<option value="#">---Canicule</option>

<option value="/solidarite/la-canicule/recensement">------Recensement</option>

<option value="/solidarite/la-canicule/infos-utiles">------Infos utiles</option>

<option value="/solidarite/la-canicule/les-risques">------Les risques</option>

<option value="/solidarite/la-canicule/prevenir">------Pr&eacute;venir</option>

<option value="#">---Charte ville-handicaps</option>

<option value="/solidarite/charte-ville-handicaps/contexte-reglementaire">------Contexte r&eacute;glementaire</option>

<option value="/solidarite/charte-ville-handicaps/la-charte">------La charte</option>

<option value="#">Vivre la ville</option>

<option value="#">---Ville fleurie</option>

<option value="/vivre-la-ville/ville-fleurie/le-mot-du-maire">------Le mot du maire</option>

<option value="/vivre-la-ville/ville-fleurie/4-fleurs">------4 fleurs</option>

<option value="/vivre-la-ville/ville-fleurie/quelques-chiffres">------Quelques chiffres</option>

<option value="/vivre-la-ville/ville-fleurie/les-actions">------Les actions</option>

<option value="/vivre-la-ville/ville-fleurie/le-concours">------Le concours</option>

<option value="/vivre-la-ville/ville-fleurie/la-floriculture">------La floriculture</option>

<option value="/vivre-la-ville/ville-fleurie/le-gramineum">------Le Gramineum</option>

<option value="#">---Cadre de vie</option>

<option value="/vivre-la-ville/cadre-de-vie/le-chien-dans-la-ville">------Le chien dans la ville</option>

<option value="/vivre-la-ville/cadre-de-vie/reglementation-du-bruit">------R&egrave;glementation du bruit</option>

<option value="#">---Commerce et artisannat</option>

<option value="/vivre-la-ville/commerce-et-artisannat/commerces">------Commerces</option>

<option value="/vivre-la-ville/commerce-et-artisannat/marche-hebdomadaire">------March&eacute; hebdomadaire</option>

<option value="#">---Transports</option>

<option value="/vivre-la-ville/transports/stationnement">------Stationnement</option>

<option value="/vivre-la-ville/transports/transport-en-commun">------Transport en commun</option>

<option value="/vivre-la-ville/transports/autopartagecovoiturage-a-taxi">------Autopartage,covoiturage &amp; taxi</option>

<option value="/vivre-la-ville/transports/viabilite-hivernale">------Viabilit&eacute; hivernale</option>

<option value="#">---Urbanisme</option>

<option value="/vivre-la-ville/urbanisme/le-plu">------Le PLU</option>

<option value="/vivre-la-ville/urbanisme/participation-au-projet">------Participation au projet</option>

<option value="/vivre-la-ville/urbanisme/renouvellement-urbain">------Renouvellement urbain</option>

<option value="/vivre-la-ville/urbanisme/dicrim">------DICRIM</option>

<option value="#">---L'histoire</option>

<option value="/vivre-la-ville/lhistoire/en-bref">------En bref</option>

<option value="/vivre-la-ville/lhistoire/en-detail">------En d&eacute;tail</option>

<option value="/vivre-la-ville/lhistoire/armes-et-nom">------Armes et nom</option>

<option value="/vivre-la-ville/lhistoire/berceau-de-la-valse-francaise">------Berceau de la valse fran&ccedil;aise</option>

<option value="#">---La g&eacute;ographie</option>

<option value="/vivre-la-ville/la-geographie/le-ban-communal">------Le ban communal</option>

<option value="/vivre-la-ville/la-geographie/leconomie">------L'&eacute;conomie</option>

<option value="/vivre-la-ville/la-geographie/la-demographie">------La d&eacute;mographie</option>

<option value="#">---Le patrimoine</option>

<option value="/vivre-la-ville/le-patrimoine/leglise-protestante">------L'&eacute;glise protestante</option>

<option value="/vivre-la-ville/le-patrimoine/leglise-catholique">------L'&eacute;glise catholique</option>

<option value="/vivre-la-ville/le-patrimoine/chateau-de-la-cour-dangleterre">------Ch&acirc;teau de la Cour d'Angleterre</option>

<option value="/vivre-la-ville/le-patrimoine/lhotel-de-ville">------L'H&ocirc;tel de Ville</option>

<option value="/vivre-la-ville/le-patrimoine/la-maison-waldteufel">------La Maison Waldteufel</option>

<option value="/vivre-la-ville/le-patrimoine/cour-des-boecklin-a-miqve">------Cour des Boecklin/Miqv&eacute;</option>

<option value="#">---D&eacute;veloppement durable</option>

<option value="/vivre-la-ville/developpement-durable/definition">------D&eacute;finition</option>

<option value="/vivre-la-ville/developpement-durable/agenda-21">------Agenda 21</option>

<option value="/vivre-la-ville/developpement-durable/diagnostic-du-territoire">------Actions et projets en cours &agrave; Bischheim</option>

<option value="/vivre-la-ville/developpement-durable/jagis-au-quotidien">------J'agis au quotidien</option>

<option value="/vivre-la-ville/developpement-durable/programme-des-animations">------Programme des animations</option>

<option value="/associations">Associations</option>

</select>

	

		

<div id="ja-search">

		





<form action="" method="post" class="search">



	<label for="mod_search_searchword">



		Recherche

	</label>



	<input name="searchword" id="mod_search_searchword" class="inputbox" size="20" value="Rechercher sur le site ..." onblur="if(=='') ='Rechercher sur le site ...';" onfocus="if(=='Rechercher sur le site ...') ='';" type="text" />

	<input name="option" value="com_search" type="hidden" />



	<input name="task" value="search" type="hidden" />



</form>







	</div>



	

</div>



	<!-- //NAV -->



	<!-- CONTENT -->

	

<div id="ja-main" class="main clearfix">



	



	

<div id="ja-current-content" class="column">

		

		

<div class="ja-content-main clearfix">

			





<h2 class="contentheading clearfix">Mysql select _ minus one column	</h2>







<div class="article-tools clearfix">

	

<div class="article-meta">

	

	



		</div>



	

		

<div class="buttonheading">

								<span>

			<img src="/templates/ja_rasite/images/" alt="Envoyer" />			</span>

			

						<span>

			<img src="/templates/ja_rasite/images/" alt="Imprimer" />			</span>

			

						<span>

			<img src="/templates/ja_rasite/images/" alt="PDF" />			</span>

						</div>



	

		

</div>







<div class="article-content">

<strong> MySQL Area This example illustrates how to find the area of rectangle in MySQL. Using MySQL LIMIT to get the nth highest value.  Third, MySQL allows you to add the new column as the first column of the table by specifying the FIRST keyword.  ) Stable openssl support.  My table was also storing binary data of size 2-10 mb in rows , so if i use Select * from table it will also fetch attachment data and slows the query drastically because of data i think simple subtract will do that for you.  The SELECT TOP clause is used to return the top X numbers or N Percent row from the table.  Many ways are common to optimize a query while others are less obvious.  Now the database engine will not have to fetch any data fields, instead it will just retrieve the integer value of 1. Dec 09, 2008&nbsp;&#0183;&#32;I want to do a sum of all rows for column &quot;Amount&quot; for each city in tableA and then do a sum of all rows for column &quot;Amount&quot; for each city in tableA then subtract …Column 1 is the mem_id, Column 2 is the Transaction type C and D, and Column 3 is the Amount Owed.  The MySQL EXISTS condition is used in combination with a subquery and is considered &quot;to be met&quot; if the subquery returns at least one row. , now plus 1 hour, now minus 1 hour, now plus 1 day and now minus in day, etc.  when i select a year from combo box 1, second combox box will display the number of weeks in that year. Dec 12, 2014&nbsp;&#0183;&#32;Column 1 is the mem_id, Column 2 is the Transaction type C and D, and Column 3 is the Amount Owed.  SELECT column_list_1 FROM table_1. So I want to return Column 3 &quot;Amount Owed&quot;, but it has to be C-D in Column 2 for each member.  Write a SELECT statement that returns one row for each vendor that contains these columns from the Invoices table: The vendor_id column The sum of the invoice_total column The result set should be sorted by vendor_id.  I want to be able to check the password every time a user votes or looks at his past votes, without having to do two separate queries, so placing the password in a separate table doesn't really do it.  Is is possible to compare one row of data to another to determine if they are identical? If all the fields for a row are identical test a statement, one clause at a time.  The table will contain user votes on photos.  It makes no sense to attempt to use ALTER TABLE ORDER BY to order an InnoDB table if there is a user-defined clustered index, because rows are always ordered by the clustered index.  wmflabs) and enwiki_p is the database you want to access.  I have a sql query that returns two rows of data, with 10 columns. This post looks at how to add intervals to a date in MySQL.  UNION returns 10 distinct names from the two lists.  000002&#39;, &#39;1. 00 If you really want to just subtract the absolute value Alternatively, we can Subtract Days from Datetime like below in Sql Server. mysql&gt; SELECT something FROM tbl_name-&gt; WHERE DATE_SUB(CURDATE(),INTERVAL 30 DAY) &lt;= date_col; The query also selects rows with dates that lie in the future. MySQL: Select N rows, but with only unique values in one column.  It makes no sense to attempt to use ALTER TABLE ORDER BY to order an InnoDB table if there is a user-defined clustered …Hi all, I have a variable @tothr of datatype datetime.  If you don’t explicitly specify the position of the new column, MySQL will add it as the last column.  The -e option tells MySQL to execute the following command enclosed in quotes.  The UNPIVOT clause lets you rotate specified columns so that the input column headings are output as values of one or more descriptor columns, and the input column values are output as values of one or more measures columns. x, a.  Just to verify -- are you able to run a SELECT * FROM information_schema.  I need to count the number of values are less than 3, after I subtract Column P from Column K.  References to table columns throughout a SELECT statement must resolve unambiguously to a single table named in the FROM clause.  The MINUS operator takes the distinct rows of one query and returns the rows that do not appear in a second result set.  In this article I’ll explain how MySQL’s behavior has changed over time, what strange things can happen as a result, and how to understand and work around display issues.  I have a User table with 3 column; name, email, For this you need to grant select permission to user (MySQL User) on that particular column of table.  16.  Because the NOW() function returns a number when it is used in a numeric context, you can use it in calculations e.  svc.  Most aggregate functions can …subtracting 2 columns of different tables with a update query; Getting data from two different tables in one query; How to list all columns of tables having a certain column named; Pulling data from different tables into one gridview; Values of two columns in two different tables--presentation using select; One or Both Foregin KeysOct 09, 2004&nbsp;&#0183;&#32;Select all minus one column.  plz dont tell specify all column name in select command .  I anticipate adding various fields to the table as time goes on, but I don't want to have to change the php script each time to add the new columns to select from the database.  Thus if a SELECT….  and in edit page to display all city values with checked and non checked values in checkbox.  I would like to subtract tow fields in table for example Table1 has fields A, B, CSep 17, 2007&nbsp;&#0183;&#32;MySQL Forums Forum List &#187; Newbie.  Then if the OCR didn't detect columns properly, and you have a Mac, Calculate row value based on previous and actual row values.  SELECT * minus ColumnX How to select all columns except one column from a table ? mysql create table join column with same name I am using a select statement to obtain a table from mysql database.  Before we start.  UNION statement has a CHAR (5) and CHAR (10) column, then it will display output data of both the columns as a CHAR (10) column.  4.  Lookup minus one cell I´m trying to do the difference between a cell and the cell above (i.  You can use a Pool to manage connections, one simple approach is to create one connection per incoming http request. 00 I need to subtract this columns to get a net total value as below.  Functions that expect time values usually accept datetime values and ignore the date part.  marc castrovinci.  I have a php script that selects all the columns of a user&#39;s data, except the password, and then displays it to the user.  5 changelogs.  SELECT a. ; Third, MySQL allows you to add the new column as the first column of the table by specifying the FIRST keyword.  So if the current time is 8:43 I want to return 8:35 and 8:40.  0.  To retrieve data from more than one table, you mus ____ the tables together by finding rows in the two tables that have identical values in matching columns.  If you use a group function in a statement containing no GROUP BY clause, it is equivalent to grouping on all rows.  Databases.  For a specified row, PERCENT_RANK() calculates the rank of that row minus one, divided by 1 less than number of rows in the evaluated partition or query result set:Summary: in this tutorial, you will learn how to use the MySQL CURDATE() function to get the current date.  September 15, 2007 03:37AM Re: How to SELECT all columns except one column.  The repeated column values will receive the same PERCENT_RANK() value.  A table is a collection of related data, and it consists of columns and rows.  SpecialCells(xlLastCell)).  3.  The CURDATE() function returns the current date as a value in the 'YYYY-MM-DD' format if it is used in a string context or YYYMMDD format if it is used in a numeric context.  The EXCEPT query and MINUS query returns all rows in the first query that are not returned in the second query. 00 sec) +-----------+ | mod(29,9) | +-----------+ | 2 If one of the arguments is a TIMESTAMP or DATETIME column and the other .  okay ill try to clear it up each user signs up and puts in the number of type of of hat/mask that they have (there are 10 choose from. 00 20.  Here is an example of the type of query that can be optimized this way: A MySQL subquery is a query nested within another query such as SELECT, INSERT, UPDATE or DELETE.  With PHP, you can connect to and manipulate databases.  2.  Click on the Search tab.  Here is the following - Code: I am trying to execute a MySQL query to delete rows from &#39;table2&#39; where column = &#39;value&#39; IF column in &#39;table1&#39; = &#39;value&#39; I have 2 tables Table 1 is called accounts Table 2 is called inventoryi The MySQL _____ statement allows you to insert one or more rows into a table.  MySQL was able to do a LEFT JOIN optimization on the query and does not examine more rows in this table for the previous row combination after it finds one row that matches the LEFT JOIN criteria. Nov 07, 2007&nbsp;&#0183;&#32;I've made the timestamp now() the primary key.  0 supports rudimentary, not 100% tested, support for openssl).  A comparison of three methods to fetch rows present in one table but absent in another one, namely NOT IN, NOT EXISTS and LEFT JOIN / IS NULL.  The first query that follows shows that nulls are excluded by default.  Also, besides the Define Name function, you can use VBA to select entire column but first row. .  Angel_G Guest.  Ask Question.  I give the user the ability to select records (rows) based on the DateTime field (column) by entering a date, a time or a date and time into a TextBox.  Pressing “Ctrl Shift +” on your keyboard is a shortcut for insert.  BUT, isn&#39;t there always a &#39;but&#39;, it only works where the html URL name is identical to the Group column name, one word - no gaps, etc.  The SET operators available in Oracle 11g are UNION,UNION ALL,INTERSECT,and MINUS.  Functions that expect date values usually accept datetime values and ignore the time part. &quot;The solutions and answers provided on Experts Exchange have been extremely helpful to me over the last few years. 00 70.  col1, b.  What I want is to subtract the DATETIME values to determine the number of seconds between their time.  The MINUS operator takes the distinct rows of one query and returns the rows that do not appear in a second 1.  SELECT GETDATE() 'Today', GETDATE() - 2 'Today - 2 Days' RESULT: How to Subtract Weeks from DateTime in Sql Server? We can use DATEADD() function to Subtract weeks to DateTime in Sql Server.  I Select all friend&#39;s user data using following keywords Using EXISTS and NOT EXISTS in correlated subqueries. I am unable to solve this and request help. Summary: in this tutorial, we will introduce you to the SQL INTERSECT operator and show you how to simulate the MySQL INTERSECT operator.  share | improve this answer.  For columns that appear in both tables, use the table.  We will use the inventory table that we set up in the GROUPING SETS tutorial for the demonstration.  I want to be able to check the password every time a user votes or looks at his past votes, without having to do two separate queries, so placing the password in a separate table doesn&#39;t really do it. y. From Query tab, go to Design Query in Editor and Select your table of interest from Add Table window, click Add; 2.  I have a Table in MySQL with Date field and date is in format (2011-08-12) I wish to run query to get me result only where Current Date - 3 Days = Date Oct 10, 2008&nbsp;&#0183;&#32;Hi All: I need to sort some data on a spreadsheet but I am uncertain on how to select the used range. &quot;Dear Folks, Is there any way to select all columns except one column from the table.  For columns that are unique to one table, the column name is sufficient.  &quot;varchar&quot; or &quot;char&quot; etc.  When database name is changed to &quot;db&quot; for example everything works.  price = o.  share.  Displays five columns for each invoice with a message in one of the last three columns based on how many days have elapsed between the invoice date and the current date.  analytics.  I want to select * (except location) from emp.  I have a timestamp column which I require to change the time back by 1 hour for all records. ; Second, you put the new column and its definition after the ADD COLUMN clause.  If the join is in the WHERE clause, the rules are the same - the minimum number of join criteria is equal to the number of tables (or views) minus one. tell some other idea. Example.  Like Exclude or except one column, For example i have a dept table with columns deptno, deptname, location.  An alias only exists for the duration of the query.  doug hedenkamp.  New Topic.  Using date_add in MySQL to add intervals to dates Posted in MySql - Last updated Sep. Dec 02, 2013&nbsp;&#0183;&#32;Hi Sir, i have a table in these table i have some column which are Id, InTime , OutTime, Working Hour, Non Working Hour i formulate Working Hour = OutTime - …Calculate row value based on previous and actual row values.  This post looks at how to use substring to extract some information from a field in a database using an example column which contains XML data.  Alias Column Syntax. The MySQL EXISTS condition is used in combination with a subquery and is considered &quot;to be met&quot; if the subquery returns at least one row.  The following statement returns the current date and time, now minus 1 hour and now plus 1 hour:Dec 30, 2010&nbsp;&#0183;&#32;Hello.  net sql, but I am having a problem with using MINUS Operator on SQL.  I want the results to show a third column called difference which is one row subtracting from the one below with the final row subtracting from zero.  [sql-l] SUBSTR function on a numeric column What is the correct result when you perform a SUBSTR function on a numeric column? I have a client who uses the following syntax: selectwhere substr(num_column, 2, 2) IN (4, 5, 12) The num_column is defined as SMALLINT, in this case.  1.  Introduction to MySQL CURDATE function.  expression1: Expression made up of a single constant, variable, scalar function, or column name and can also be the pieces of a SQL query that compare values against other values or perform arithmetic calculations.  &quot;The solutions and answers provided on Experts Exchange have been extremely helpful to me over the last few years.  Subtract 10 days from a date and return the date: SELECT DATE_SUB(&quot;2017-06-15&quot;, INTERVAL 10 DAY);.  Re: How to SELECT all columns except one column.  The problem is how to exclude a certain column from the result of all column selection (SELECT *)? Suppose, we select all columns from the Laptop table: SELECT * FROM Laptop; To exclude from the result one column, for example, the ñode column, one has to specify all other columns of the Laptop table: SELECT model, speed, ram, hd, price, screen How to SUM and SUBTRACT using SQL? Subtract results of two Select queries in Mysql.  I have a table name &#39;Purchase&#39; having a field &#39;date&#39;.  Saurabh, the problem mentioned by the author is that, for example: if a Number (The Ticket ID) appears in 2 rows for the same date and user, the doc_total field will contain on both rows the same value, which represents the ticket total.  thanks it works perfectly.  If the list contains blank cells, with the shortcut cannot solve the selecting, now you can define a name for the column that you can select it except the first row in Excel.  I have two columns Column A and Column B Column A: Column B: 60.  If the column that you didn&#39;t want to select had a massive amount of data in it, and you&nbsp;MySQL MINUS ? 1. Oct 06, 2006&nbsp;&#0183;&#32;One trick I use to get that may columns name in SQL Server 2005 is: 1.  Multiple column subqueries : Returns one or more columns.  Here’s the syntax you need for MySQL: (select * from fruits where type = 'apple' order by price limit 2) union all (select * from fruits where type = 'orange' order by price limit 2) union all (select * from (note: @time = application passes number of minutes) Im using the following query and need help to filter my data select distinct * from table name where DATEDIFF(mi, time, getdate()) &lt; @time How Noted in 5. In this formula, rank is the rank of a specified row and total_rows is the number of rows being evaluated.  SELECT id, f.  How to compose this SQL Server query? 1.  thanks, I hope that helps.  The SQL SELECT statement is what we use to choose, or select, the data that we want returned from the database to our application.  Note that COLUMN keyword is optional so you can omit it.  The true or false value is then used to restrict the rows from outer query select.  Sooooooooooooo, I&#39;ll have to add a column to the MySQL table SQL &gt; Advanced SQL &gt; DECODE Function DECODE is a function in Oracle and is used to provide if-then-else type of logic to SQL.  Once on the search tab, you can type a list of keywords you wish to search for.  if current ordering on the field is 8, then it should be set to 7).  sairam subtracting 2 columns of different tables with a update query; Getting data from two different tables in one query; How to list all columns of tables having a certain column named; Pulling data from different tables into one gridview; Values of two columns in two different tables--presentation using select; One or Both Foregin Keys I believe what you are asking for can be satisfied using the MINUS operator in MySQL. Select statement with dynamic columns where these columns are rows in another table.  10.  If the arithmetic expression contains more than one operator, multiplication operator and division operator are evaluated first, and then addition and minus operator are evaluated.  I just want a piece of code that will select WHA Select USED Range minus 1 row.  As long as your data contains only the date portion, your queries will work as expected.  MySQL - Get row number on select.  Format this column with the last name, a comma, a space, and the first name like this: a.  Help for all commands from the client. , so I know a lot of things but not a lot about one thing.  basically I am working on a script which selects max date from a column of table and for each day of next 3 years inserts the records in the table if there&#39;s a leap year between the day is missed, how can this be rectified.  Select Description: Hello, when the database name contains a minus-sign (db-test) and the table type is innodb, the query cache is not used.  I need to select all Columns in a table but one.  asked.  The problem is that the cells I need to do the difference are in a table and I need to look for the date in that table, take the values for that date and subtract those values from …Oct 13, 2012&nbsp;&#0183;&#32;Hi friends .  Example : MySQL NATURAL JOIN.  I have two tables that have a DATETIME column.  It is the one where we need to be careful which statement will be put first, cause we will get only those results that are in the first SELECT statement and not in the second.  ThanksMySQL NOW() function calculations.  The ct column will show if more than one person exists in the city with that Birthyear. 20.  The following statement returns the current date and time, now minus 1 hour and now plus 1 hour:Mar 27, 2014&nbsp;&#0183;&#32;I need to count the number of values are less than 3, after I subtract Column P from Column K.  If a SQL statement contains multiple set operators, then Oracle Database evaluates them from the left to right unless parentheses explicitly specify another order.  A subquery is a SELECT statement written within parentheses and nested inside another statement.  Miscellaneous Operators: IN and BETWEEN The two operators IN and BETWEEN provide a shorthand for functions you already know how to do.  SELECT * FROM Orders WHERE Quantity BETWEEN 1 AND 100 INTERSECT SELECT * FROM Orders WHERE Quantity BETWEEN 50 AND 200; EXCEPT operator [ edit ] The SQL EXCEPT operator takes the distinct rows of one query and returns the rows that do not appear in a second result set.  Insert Or Update The INSERT ON DUPLICATE KEY UPDATE is a MySQL extension to the INSERT statement.  Assignment Help &gt;&gt; Other Subject .  using MySQL 8.  answered Oct 10 '08 at 10:39.  MySQL MAX with GROUP Description: I have a query in which a concat of a group_concat of an integer column is selected.  ) how to numerically increase or decrease the value of a mySQL column 2.  Is there a way to do a SELECT Employees.  Advanced Search.  .  When I select the integer column seperately next to the concat all is fine, if I don't the resulting string has all integers minus one.  If there is no difference, there is no remaining result set.  SQL ROLLUP examples.  That is, there can be more than one select_expr with the same name.  The following statement returns the current date and time, now minus 1 hour and now plus 1 hour:Total the two columns and then subtract them : Introduction &#171; Math Numeric Functions &#171; MySQL TutorialSummary: in this tutorial, you will learn how to find duplicate values of one or more columns in MySQL.  P: n/a John.  It is not available in MySQL or SQL Server.  eqiad.  How many different people play on one team or another? INPUT/OUTPUT: SQL&gt; SELECT NAME FROM SOFTBALL 2 UNION 3 SELECT NAME FROM FOOTBALL; NAME ----- ABLE BAKER BRAVO CHARLIE DEAN DECON EXITOR FALCONER FUBAR GOOBER 10 rows selected.  one for year and one for week numbers.  Hi Sir, i have a table in these table i have some column which are Id, InTime , OutTime, Working Hour, Non Working Hour i formulate Working Hour = OutTime - InTime , its working but i have to formu Description: I have a query in which a concat of a group_concat of an integer column is selected.  February 12 th, 2007.  MINUS.  The sensor message will show the value in row 0 of this column.  Now my prob is 1.  It will fetch all dates from 30-31 days ago up to the current date (and to the future, if there are rows with future dates in the table).  When you need select Min or Max value from table with one column, it&#39;s easy SQL task.  UUSSIINNGG TTHHEE SSEETT OOPPEERRAATTOORRSS Set operators are used to join the results of two ormore SELECT statements.  tinonetic 2009-01-21 14:29:33 UTC #1.  Like other database management systems, MySQL has a range of date functions which allow you to change the formatting of dates, get day/week/month/etc parts of dates, and add or subtract intervals to a specified date. * Select all minus one column.  Please post the SQL for this.  25, 2008.  Posted by: marc How to SELECT all columns except one column.  The Scalar Subquery can be used anywhere a value can be used.  If only one table is named, there is no ambiguity because all columns must be columns of that table. MySQL doesn’t support the INTERSECT and MINUS set operators.  InvoiceLineAmount as SeniorDiscount, a.  The SQL DISTINCT command used along with the SELECT keyword retrieves only unique data entries depending on the column list you have specified after it.  Developer asked me a day ago, does SQL Server has similar operation like MINUS clause in Oracle.  im now trying to run a query that tells me how many users were created Mar 27, 2014&nbsp;&#0183;&#32;I need to count the number of values are less than 3, after I subtract Column P from Column K.  The following statement uses the GROUP BY clause and the SUM() function to find the total inventory by warehouse: No, the integer timestamp is stored internally by MySQL and it is converted to a human readable format (plus it is converted to current time zone) when you do SELECT.  ) for speediest increasing/decreasing Here is the idea: I sell fruit.  The problem is that the cells I need to do the difference are in a table and I need to look for the date in that table, take the values for that date and subtract those values from the values of the row above.  RefNumber = b. MySQL MIN function examples Let’s take a look at the products table in the sample database .  For some popular databases, here is a quick reference: MS SQL Server uses SQL EXCEPT, Oracle uses SQL MINUS, and mySQL doesn’t support any of them.  56 then an up arrow will display, the opposite for a negative result.  In some situations, you want to remove one or more columns from a table.  Like Exclude or except one column, For example i have a dept table with&nbsp;UNION is used to combine the result from multiple SELECT statements into a single result set.  In the following example, the id is a common column for both the table and matched rows based on that common column from both the table have appeared. plz dont tell specify all column name in select command .  To add a new column to a table, you use the ALTER TABLE statement as follows: Or is there a way to have just one column with the minus prefix when the conditions of the CASE statement are met? (Really appreciate this help, by the way. If you don’t index the amount column, the second query executes faster because it examines all rows in the payments table, while the first query examines all the rows in the payments table twice, one in the subquery and one in the outer query.  “Ctrl” and the minus button “-” at the same time is the Excel shortcut for delete.  no that won&#39;t work, because even though the &quot;where&quot; excludes *my* vote for a particular candidate, it will include everybody else&#39;s vote for the same candidate. MySQL NOW() function calculations.  Select entire column (including blank cells) except header with VBA. If I understood your question correctly SELECT mem_id, Sum(CASE TranType WHEN &#39;C&#39; THEN Amount WHEN &#39;D&#39; THEN -Amount END) AS Amount_Owed&nbsp;UNION is used to combine the result from multiple SELECT statements into a single result set.  1 or 2 or 3(max) columns are of type NTEXT 4.  2780.  Common Queries,MySQL Queries,Common SQL Queries.  SQL HOME SQL Intro SQL Syntax SQL Select SQL Select Distinct SQL Where SQL And, Or, Not SQL Order By SQL Insert Into SQL Null Values SQL Update SQL Delete SQL Select Top SQL Min and Max SQL Count, Avg, Sum SQL Like SQL Wildcards SQL In SQL Between SQL Aliases SQL Joins SQL Inner Join SQL Left Join SQL Right Join SQL Full Join SQL Self Join SQL The COLUMN commands you enter can control a column&#39;s display attributes for multiple SQL SELECT commands.  SELECT column_1 FROM table_1 MINUS SELECT columns_2 FROM table_2; Here is a blog that has a decent example. TIP: Performance Tuning with the COUNT Function.  Write a SELECT statement that returns one column from the Vendors table named full_name that joins the vendor_contact_last_name and vendor_contact_first_name columns. e.  All the columns from the returned row will be returned as a hash reference.  col2 FROM table_A a MINUS SELECT b.  Introduction to MySQL DROP COLUMN statement.  I can successfully sum both of the columns individually, but I can&#39;t bridge the gap between adding them both up and then subtracting one column from the other.  To join n tables together, you need a minimum of n-1 join conditions.  One of the toughest questions in MySQL is how to select the nth highest values in a result set e.  Column 1 is the mem_id, Column 2 is the Transaction type C and D, and Column 3 is the Amount Owed.  You can combine multiple queries using the set operators UNION, UNION ALL, INTERSECT, and MINUS.  Introduction to the SQL INTERSECT operator. e you have two sets P and Q and you want P …@ypercube honestly, I am not quite sure, but my gut tells me that 'wordid' in this table is unique. Sep 08, 2014&nbsp;&#0183;&#32;Exclude a column from Select * Statement There are the situation in which we want to get all columns from the table but want to exclude few because of some reasons. 00 -30.  SELECT The data types of the corresponding columns in both queries must be &quot;Dear Folks, Is there any way to select all columns except one column from the table.  Basically all three rows from table_A are being returned in both cases.  23, 6.  Now I want to store first field of column Numans select date_add(&#39;1992-12-31 23:59:59. Sep 17, 2007&nbsp;&#0183;&#32;I have a php script that selects all the columns of a user's data, except the password, and then displays it to the user. columns I believe is open to all with database access, but is set to filter to only list the tables and columns a user has access to.  How to join multiple results into one row with dynamic columns? Related.  the data inside the cell is still correct, as you can see if you select one of those cells and look at the value displayed in the cell content bar First, the condition WHERE date_field &gt;= (CURDATE()-INTERVAL 1 MONTH) will not restrict your results to the current month.  The following statement returns the current date and time, now minus 1 hour and now plus 1 hour: Third, MySQL allows you to add the new column as the first column of the table by specifying the FIRST keyword.  If your table does not exist yet, add a table .  You can also have MySQL output the results to a file.  I then minus one (3-1=2), and repeat.  SELECT * minus columnX If the column that you didn't want to select had a massive amount of data in it, and you didn't want to include it due to speed issues and you select the other columns often, I would suggest that you create a new table with the one field that you don't usually select with a key to the original table and remove the field from the original table. 0 install.  First, you specify the table name after the ALTER TABLE clause.  You can read more about this function in Books On Line. Like other database management systems, MySQL has a range of date functions which allow you to change the formatting of dates, get day/week/month/etc parts of dates, and add or subtract intervals to a specified date.  Select table, list or worksheet To select a list or table, select a cell in the list or table and press Ctrl + A.  I get null for total when either A or B is null instead I want to get the value which not null as total.  All set operators have equal precedence.  However, you can use MySQL LIMIT to answer those kinds of questions.  SQL SELECT statement is used to query or retrieve data from a table in the database.  SELECT column_name AS alias_name FROM table_name; Alias Table Syntax.  Essentially,it removes duplicates from the results i.  9.  answered 2 mins ago.  In this article, you will get to know 15 ways to optimize your SQL queries.  I want to minus one hour if hour is not less than 4.  eg if i select 2005 it display me list from 1 to 53 as there are 53 weeks in 2005.  My table was also storing binary data of size 2-10 mb in rows , so if i use Select * from table it will also fetch attachment data and slows the query drastically because of data Summary: in this tutorial, we will introduce you to the SQL INTERSECT operator and show you how to simulate the MySQL INTERSECT operator.  Sorting Examples. 10 things in MySQL (that won't work as expected).  Databases are useful for storing information categorically SELECT a.  Introduction to SQL MINUS operator. Unless otherwise stated, group functions ignore NULL values.  Raw Data&#39;!P:P is a Particular date and &#39;Raw Data&#39;!K:K is another date.  Alan Larkin.  Please check documentation before use them.  In a simple SELECT this name is just used to label the column for display, but when the SELECT is a sub-query of a larger query, the name is seen by the larger query as the column name of the virtual table produced by the sub-query.  Add a column with a default value to an existing table in SQL Server.  For the 2nd query, the not-sensible thing is that you have columsn in the SELECT list (orders, quantity, etc. g.  MySQL and MariaDB both support using the - operator in front of a column when sorting.  Select results inclusively Sep 17, 2007&nbsp;&#0183;&#32;The table will contain user votes on photos.  For example if there are two columns A and B in table T and when the Select query is Select A, B, A+B as Total from T.  Raw Data'!P:P is a Particular date and 'Raw Data'!K:K is another date.  My table was also storing binary data of size 2-10 mb in rows , so if i use Select * from table it will also fetch attachment data and slows the query drastically because of data size. For MyISAM tables, COUNT(*) is optimized to return very quickly if the SELECT retrieves from one table, no other columns are retrieved, and there is no WHERE clause.  MySQL implements the BIT data type differently in different versions, and the behavior is not what one might expect.  Just as with the UNION operator The number of joins is equal to the total number of tables (or views) minus one.  Indexes.  Hi, I was wondering if anyone knows a command that will select all fields in a table except one? Thanks! Lee.  SELECT * FROM table to get all of the columns from a table, but is there a way to write.  I wear a lot of hats - Developer, Database Administrator, Help Desk, etc.  The SQL COUNT() function returns the number of rows in a table satisfying the criteria specified in the WHERE clause.  Select a database you want to search (by clicking on the database in the left column while on the phpMyAdmin home page).  How can I prevent SQL injection in PHP? 2388. 0.  I am trying to find a count of all of the rows where the difference of the 2 dates is less than 3.  A MySQL subquery is called an inner query while the query that contains the subquery is called an outer query.  For more information, see Section 12.  MySQL permits duplicate column names.  For example: mysql&gt; SELECT COUNT(*) FROM student;Calculate row value based on previous and actual row values.  SQL MINUS Query or SQL EXCEPT Syntax SELECT Column(s) FROM Table1 MINUS SELECT Column(s) FROM Table2 Or MySQL permits duplicate column names.  SQL aliases are used to give a table, or a column in a table, a temporary name.  All column attributes set for each column remain in effect for the remainder of the session, until you turn the column OFF, or until you use the CLEAR COLUMN command.  col2 FROM table_B b COL1 COL2 ---- ---- 1 a 2 b 3 c The reason the same results are being returned are for entirely different reasons.  I start with 100 apples, 100 bananas, and 100 grapes.  price union select * from apples as a right outer join oranges as o on a.  Noted in 5.  Essentially,it Set operators are used to join the results of two (or more) SELECT statements. length, f2.  col2) must be specified for each join.  To illustrate the usage of the DISTINCT keyword, we&#39;ll use our Users table introduced in the previous chapters. i have a table that stores all my users, including a column &quot;created&quot; with a unix timestamp of when the account was created.  Try it Yourself »&nbsp;In mysql definitions (manual) there is no such thing.  Because MySQL also permits GROUP BY and HAVING to refer to select_expr values, this can result in an ambiguity: Similar to basic arithmetic calculations, arithmetic operators in SQL also have Operator Precedence.  Doe, John Sort the result set by last name in ascending sequence.  The UNION operator returns all rows.  The subquery must reference just one column in the select list.  edited Oct 10 '08 at 11:23.  It is the language we use to formulate our question, or query, that we want answered by the database.  11.  The following illustrates the syntax of the INTERSECT operator.  As it stands, if I was to run your query from my PC, this would bring back all records with a date less than 22nd October 11 Finding the Second Highest Value with SQL.  The INTERSECT operator is a set operator that returns only distinct rows of two queries or more queries.  941.  MySQL Forums Forum List How to SELECT all columns except one column.  EXISTS and NOT EXISTS are used with a subquery in WHERE clause to examine if the result the subquery returns is TRUE or FALSE.  For example, to join four tables, a minimum of three joins is required.  A select_expression or where_definition in a SQL statement can consist of any expression using the functions described next.  What CJK character sets are available in MySQL? The list of CJK character sets may vary depending on your MySQL version.  Total the two columns and then subtract them : Introduction « Math Numeric Functions « MySQL Tutorial Summary: in this tutorial, we will introduce you to the SQL INTERSECT operator and show you how to simulate the MySQL INTERSECT operator.  up vote 7 down vote favorite.  I want to select all columns from a table except one column: UNION is used to combine the result from multiple SELECT statements into a single result set.  SELECT id, f How does one add or subtract two fields in a select statement.  MySQL UNIX_TIMESTAMP() returns a Unix timestamp in seconds since '1970-01-01 00:00:00' UTC as an unsigned integer if no arguments are passed with UNIX_TIMESTAMP(). Nov 13, 2013&nbsp;&#0183;&#32;Hey guys, I have a code that will let me select a specific column of data, but I'm trying to figure out how to have it search for the last column of data, and select the data minus the header.  156 sec.  A practical use of DATEADD is to return a user-friendly length of time that has elapsed between two times, like how long it takes for a student to complete an exam.  If you run this individually you will see the first query will fetch A and B with column names A and B, and the next query will fetch C and D with column names C and D, but when we run both of them using the UNION set operator, we get all the rows but the column names refer to the first query and not the second one.  A join condition (ON table1. I want to find the five minute interval just before the current time. Oct 09, 2004&nbsp;&#0183;&#32;I need to select all Columns in a table but one. tell some other idea If The Answer is Satisfied Plz Select Mark As Answer in my Place, s.  The column names from the first SELECT statement are used as The SQL MINUS operator is used to return all rows in the first SELECT The following is a SQL MINUS operator example that has one field with the same data Feb 20, 2012 The problem is how to exclude a certain column from the result of all column selection (SELECT *)? Suppose, we select all columns from the Laptop table: In MySQL a special column function GROUP_CONCAT can be used If a SQL statement contains multiple set operators, then Oracle Database in the select lists of the component queries of a compound query must match in The UNION , INTERSECT , and MINUS operators are not valid on LONG columns. In mysql definitions (manual) there is no such thing. length - f2.  It also allows you to add the new column after an existing column using the AFTER existing_column clause.  The EXCEPT operator returns the rows that are only in the If you assign an alias to one table in a join, you have to use that alias to refer to the table throughout your query qualify all of the column names for that table assign them to all of the tables qualify every column name in the query In this MySQL UNION ALL operator, since the column names are different between the two SELECT statements, it is more advantageous to reference the columns in the ORDER BY clause by their position in the result set.  Unsubscribed users get the information still, only it is a day behind.  SELECT DISTINCT breed FROM dogs ; If DISTINCT is used with multiple columns, the combination of columns is used to determine the uniqueness of a row in the results.  Use the parameters hh to specify that you want to use hours and -1 as the amount of hours that you want to add. Jun 05, 2012&nbsp;&#0183;&#32;Hello Firends , I need your kind advise I have a new requirement.  Select The UNION, EXCEPT and INTERSECT operators of SQL enable you to combine more than one SELECT statement to form a single result set. Allow SELECT on specific column only.  SQL ROLLUP with one column example.  I anticipate adding various fields to the table as time goes on, but I don&#39;t want to have to change the php script each time to add the new columns to select from the database.  September 14, 2007 06:24PM Re: How to SELECT all columns except one column.  MYSQL: MINUS (Set Difference) Operator 4 Replies Often we need MINUS operator as defined by the SQL definitions i. Let’s examine the statement in more detail. If a SQL statement contains multiple set operators, then Oracle Database in the select lists of the component queries of a compound query must match in The UNION , INTERSECT , and MINUS operators are not valid on LONG columns.  It also allows you to add the new Summary: in this tutorial, we will show you how to drop a column from a table using the MySQL DROP COLUMN statement.  I'd like to subtract values from columns 45rate and LOCLDTIME that occured during the same part of the day.  ) what is the best column structure (e.  Sometimes there is a need to combine data from multiple tables or views into one comprehensive dataset. SpecialCells(xlLastCell)).  I’ll MINUS (also known as EXCEPT) returns the difference between the first and second SELECT statement. subtracting 2 columns of different tables with a update query; Getting data from two different tables in one query; How to list all columns of tables having a certain column named; Pulling data from different tables into one gridview; Values of two columns in two different tables--presentation using select; One or Both Foregin KeysThe following is a SQL MINUS operator example that has one field with the same data type: SELECT supplier_id FROM suppliers MINUS SELECT supplier_id FROM orders; This SQL MINUS example returns all supplier_id values that are in the suppliers table and not in the orders table.  The INTERSECT operator returns all rows that are in both result sets.  MINUS is one of three set operations in the SQL standard that includes UNION, SELECT column_list_1 FROM table_1.  Here’s an example that looks up the IDs for grade event rows that correspond to tests (&#39;T&#39;) and uses them to select scores for those tests: A subquery&#39;s outer statement can be any one of: SELECT, INSERT, UPDATE, DELETE, SET, or DO.  You can use MINUS Clause in SQL Statement.  It also allows you to add the new Some databases use SQL MINUS and some databases use SQL EXCEPT.  (Expected Result Set) Column A - Colum &#183; 70 minus -30 is 100.  You get the query for the logged users, for the other, just minus your date by one day and select the line where your timestamp is less or equal of the now() timestamp minus 24h order by timestamp desc limit 1 (do not forget to index your timestamp field).  MINUS is one of three set operations in the SQL standard that includes UNION, INTERSECT, and MINUS. Thanks Flo and Gail, but the requirement is 1.  SQL SELECT TOP Tutorial.  For any combination of date, type, currency you&#39;ll have many rows but the group by will &quot;collapse&quot;/gather them in one row in the result.  Calculate row value based on previous and actual row values.  780.  mysql&gt; CREATE TABLE ch (ucs2 CHAR(3) CHARACTER SET ucs2, gb2312 CHAR(3) CHARACTER SET gb2312); In nonstrict SQL mode, try to place the rare character 汌 in both columns.  It removes the results from second table and always For instance, since there might be two rows for one date, I&#39;d like to subtract a 45rate value that occurred before 15:00 from a LOCLDTIME that occurred before 15:00 on the same day.  Name Description; column_name: Name of the column of the table.  I have created a tableA in phpmyadmin.  ), that are not in the GROUP BY list and are not aggregated.  Here is the query that I have written and it is working as expected.  Using MySQL LIMIT to get the nth highest value.  Code: SELECT id,aval1,cval1 FROM table111 NATURAL JOIN table113; The INNER JOIN using ON clause do the same job.  If the column that you didn&#39;t want to select had a massive amount of data in it, and you&nbsp;If I understood your question correctly SELECT mem_id, Sum(CASE TranType WHEN &#39;C&#39; THEN Amount WHEN &#39;D&#39; THEN -Amount END) AS Amount_Owed&nbsp;MySQL MINUS ? 1.  so below query can be use to exclude few columns The SQL EXCEPT clause/operator is used to combine two SELECT statements and returns rows from the first SELECT statement that are not returned by the second SELECT statement.  Select all columns except only one column in a table [Answered] RSS.  In MySQL, you cannot modify a table and select from the same table in a subquery. length, (f.  but exists due to the row property, they cannot be updated or modified but are used only for retrieval purpose, user can access the pseudo columns as if they are normal columns in the select statement.  It&#39;s an alternative to using COALESCE to reposition NULL values at the end of a sort ascending for instance.  SELECT The data types of the corresponding columns in both queries must be&nbsp;&quot;Dear Folks, Is there any way to select all columns except one column from the table.  When you have access to a table through MySQL Workbench, you can view both the column definitions for the table and the _____ in the table.  Hi, Here&#39;s another way to split lists in mysql using the substring_index function and a cross-tab on a table listing the number of levels.  SELECT COUNT(expression) AS resultName FROM tableName WHERE conditions The expression can be * , column name or DISTINCT column name .  Once inside the database, a list of tables appear.  There is another table that contains 'docid, wordid, wordlocation' where the …Mar 20, 2007&nbsp;&#0183;&#32;I'm having trouble understanding the MySQL docs on how to subtract two DATETIME values.  Just use dateadd function.  Hi debasisdas, i also have the same problem and have a mysql table with two columns 'purchases' and 'sales' and would like to have another column 'balance' which is the result of subtracting purchases from sales.  Correlated subqueries : Reference one or more columns in the outer SQL statement.  Subtract results of two Select queries in Mysql.  Discussion in 'Microsoft Access Queries' started by Angel_G, Oct 8, 2004.  Posted by: Alan How to SELECT all columns except one column.  remaining:credit-used I can not get the results i just get same values of credit.  Like Exclude or except one column, For example i have a dept table with If I understood your question correctly SELECT mem_id, Sum(CASE TranType WHEN &#39;C&#39; THEN Amount WHEN &#39;D&#39; THEN -Amount END) AS Amount_Owed Hi.  SELECT columns_list_2 FROM table_2; MySQL MINUS operator. One sql statement to subtract and update a field value.  For instance, since there might be two rows for one date, I&#39;d like to subtract a 45rate value that occurred before 15:00 from a LOCLDTIME that occurred before 15:00 on the same day.  A faster, smaller embedded MySQL library. columns;in the case of a table which has only one row per column value--such as would happen if you were counting the values of a primary key like the uid in a users table--the distinct count would be the You get the query for the logged users, for the other, just minus your date by one day and select the line where your timestamp is less or equal of the now() timestamp minus 24h order by timestamp desc limit 1 (do not forget to index your timestamp field).  In Oracle, I was able to use a MINUS operator on result sets.  This brief tutorial explains JOINs and their use in MySQL and other relational databases.  9 years, 6 The problem is how to exclude a certain column from the result of all column selection (SELECT *)? Suppose, we select all columns from the Laptop table: SELECT * FROM Laptop; To exclude from the result one column, for example, the &#241;ode column, one has to specify all other columns of the Laptop table: SELECT model, speed, ram, hd, price, screen How to SUM and SUBTRACT using SQL? Ask Question.  mysql select _ minus one columnIn mysql definitions (manual) there is no such thing.  PHP - Subtracting a number from mysql table values Would one atom …I want the results to show a third column called difference which is one row subtracting from the one below with the final row subtracting from zero.  With SQL I am trying to combine column A and column B into a single column, say column Z to sort [ORDER BY] by column Z.  How to efficiently eliminate data from select when rows are different by one column value.  TEXT? 617 Jul 19, 2005&nbsp;&#0183;&#32;How does one add or subtract two fields in a select statement. 5 changelogs.  This post looks at how to add intervals to a date in MySQL.  The INTERSECT operator takes the results of two queries and returns only rows that appear in both result sets.  Unless otherwise stated, group functions ignore NULL values.  (MySQL 4.  One method to simulate a full join is to take the union of two outer joins, for example, select * from apples as a left outer join oranges as o on a.  One of the JR.  It eliminates duplicate rows from first and second table.  One trick I use to get that may columns name in SQL Server 2005 is: 1.  Displays three columns for each invoice with one of these messages in the third column: 30-60, 60-90, or Over 90.  tell some other idea If The Answer is Satisfied Plz Select Mark As Answer in my Place, s.  When I select the integer column seperately next to the concat all is fine, if I don&#39;t the resulting string has all integers minus one.  MySQL MAX with GROUP UNIX_TIMESTAMP() function. 3, “MySQL Handling of GROUP BY”.  MySQL - SELECT Columns from results of another Query.  My code right now is: Range(Selection, ActiveCell.  Can anyone help.  Using PHP I want to subtract each values of used column from credit column.  Nonetheless, one must fully understand how does indexing work in each database in order to fully utilize indexes.  InvoiceLineAmount-ISNULL(b. May 06, 2013&nbsp;&#0183;&#32;I'm a bit worried that the user of my program may need to select all but one fields of a database comprising many fields. How to SUM and SUBTRACT using SQL? Ask Question. * FROM a 44 Responses to '10 things in MySQL (that won’t work as expected)' Subscribe to comments with RSS. 3 days ago&nbsp;&#0183;&#32;I believe what you are asking for can be satisfied using the MINUS operator in MySQL.  38.  if i use this coding am getting all values checked.  A Minus Query is a query that uses the MINUS operator in SQL to subtract one result set from another result set to evaluate the result set difference. &quot;Hi, I am trying to perform a query which i think should be easy but i'm suffering from just looking at it for too long! I am trying to perform a query to retrieve: 1) the Max Date in a column, and 2) the Max Date minus one or second highest date in the column.  InvoiceLineAmount as SubTotal,, b.  It fits in the same place as a UNION would, since it operates on result sets of different SELECT queries.  price There are legitimate cases where duplicate results Learn to use Union, Intersect, and Except Clauses Learn to use Union, Intersect, and Except Clauses.  up vote 9 down vote favorite.  A query may retrieve information from specified columns or from all of the columns in the table.  In my SELECT I am doing a JOIN to bring in both sets of rows.  Table for actual values.  It also allows you to add the new The PERCENT_RANK() function returns a number that ranges from zero to one.  You can use a Temp Table to hold the Id of the records where N1 is equal to 9.  CONCAT function concatenates 2 or more strings into one string.  This may be for like tables within the same database or maybe there is a need to combine like data across databases or even across servers. If your date column has a timestamp then it could affect the result.  The case is simple: You have a MySQL database where you have only an SQL query interface and you want to know the database structure with queries.  Index your column is a common way to optimize your search result.  SQL MINUS Query or SQL EXCEPT Syntax SELECT Column(s) FROM Table1 MINUS SELECT Column(s) FROM Table2 OrIf you don’t index the amount column, the second query executes faster because it examines all rows in the payments table, while the first query examines all the rows in the payments table twice, one in the subquery and one in the outer query.  In the below example we are subtracting 2 days from DateTime.  999999&#39; second_microsecond); 14.  Enter the name of a column.  A. Sep 17, 2007&nbsp;&#0183;&#32;The table will contain user votes on photos. 000' then i want to minus one hour from UNIX_TIMESTAMP() function.  For example, the gb18030 character set was not supported prior to MySQL 5.  , select the second (or nth) most expensive product, which you cannot use MAX or MIN functions to answer.  Here is my current code Since you&#39;re using MySQL, you can do this: SELECT * FROM your_table ORDER BY id DESC LIMIT row_num, 1 where row_num is the no.  If all the users are added together i need to get all the different hats for each user, so ten for each user 1 in each catogory.  up vote 20 down vote favorite.  The new MySQL Workbench can do this also, so I guess that is another option.  The UNION, INTERSECT, and EXCEPT clauses are used to combine or exclude like rows from two or more tables.  This is an extension to standard SQL.  Does anybody know how I can in Excel.  COUNT() function.  Here is a The SQL EXCEPT clause/operator is used to combine two SELECT statements and returns rows from the first SELECT statement that are not returned by the second SELECT statement.  On the opposite side of this it would be helpful to only show a result set where both sets of data match or only where data exists in one of the tables and not the other.  Note: The result of SQL MINUS query or SQL EXCEPT query is distinct.  Jul 26, 2007 &quot;I know I can use.  up vote 34 down vote favorite.  and one more question after insert i have to split the city_id.  If the columns sizes of the two tables vary, then while returning data, SQL server uses the larger of the two columns.  423,773 Members | 2,423 Online Join Now; How does one add or subtract two fields in a select statement.  If your query is still meant to return just one row, but you wish use values from more than one column on that row, use the &quot;line&quot; method.  Each keyword is preferably separated by a comma.  2) Returning all the column values from one row. The following is a SQL MINUS operator example that has one field with the same data type: SELECT supplier_id FROM suppliers MINUS SELECT supplier_id FROM orders; This SQL MINUS example returns all supplier_id values that are in the suppliers table and not in the orders table.  In a SQL Editor tab of MySQL Workbench, you can do all but one of the following.  Page generated in 1. What is the simplest way to select all columns from a view, except one column which needs a CASE statement but needs to be aliased to the same name as the column name? Is there a way to do this without listing all the column names? visakh16 Very Important crosS Applying yaK Herder.  MINUS SELECT firstName, lastName, Positions FROM Yankees2) The way to test using Minus Queries is to perform source-minus Unless otherwise stated, group functions ignore NULL values.  Duplicates happen a lot in the database because of many reasons.  A maximum of 3 JSON columns per NDB table is supported.  The following is a SQL INTERSECT operator example that has one field with the same data type: SELECT supplier_id FROM suppliers INTERSECT SELECT supplier_id FROM orders; In this SQL INTERSECT example, if a supplier_id appeared in both the suppliers and orders table, it would appear in your result set.  In this example we create a procedure to find the area of rectangle.  How to do aggregate functions in GROUP_CONCAT.  The column names from the first SELECT statement are used as&nbsp;The SQL MINUS operator is used to return all rows in the first SELECT The following is a SQL MINUS operator example that has one field with the same data&nbsp;If a SQL statement contains multiple set operators, then Oracle Database in the select lists of the component queries of a compound query must match in The UNION , INTERSECT , and MINUS operators are not valid on LONG columns.  You can enter any number of COLUMN commands for one or more columns.  I would like to keep track of inventory and update it as the products are moved.  Find the values of a table column c1 for which there are a specified number of listed values in another column c2.  This means EXCEPT returns only rows, which are not available in the second SELECT statement.  If the same column name appears in more than one table, the column name must be prefixed with the table name. length) AS difference FROM foo f, foo f2 Browse other questions tagged sql mysql join subtract or ask your own question.  For instance, since there might be two rows for one date, I'd like to subtract a 45rate value that occurred before 15:00 from a LOCLDTIME that occurred before 15:00 on the same day.  Performing Multiple-Table Retrievals with Subqueries.  Eventually, I&#39;d love to take averages of the difference between 45rate and LOCLDTIME that occur on the same part of the same day.  This setting is only visible if you select Column name and Use Data Table Value in Sensor Message above.  SQL HOME SQL Intro SQL Syntax SQL Select SQL Select Distinct SQL Where SQL And, Or, Not SQL Order By SQL Insert Into SQL Null Values SQL Update SQL Delete SQL Select Top SQL Min and Max SQL Count, Avg, Sum SQL Like SQL Wildcards SQL In SQL Between SQL Aliases SQL Joins SQL Inner Join SQL Left Join SQL Right Join SQL Full Join SQL Self Join SQL The UNION [ALL], INTERSECT, MINUS Operators.  qualify When there is potential ambiguity in listing column names, you must ___ the columns involved in the query.  Basically I need to compare the last two columns of data and display the difference in the form of a trend arrow.  7.  so excluding those 1 or 2 or 3 Sep 17, 2007&nbsp;&#0183;&#32;MySQL Forums Forum List &#187; Newbie.  I want to subtract 2 column of two different tables and update in one of the table say, i have two tables &#39;main&#39; and &#39;sub&#39; both tables have a column named &#39;quantity&#39; so i have to do it in this way: Hi All: I need to sort some data on a spreadsheet but I am uncertain on how to select the used range.  Doing INTERSECT and MINUS in MySQL.  The column names from the first SELECT statement are used as&nbsp;The SQL MINUS operator is used to return all rows in the first SELECT The following is a SQL MINUS operator example that has one field with the same data&nbsp;mysql&gt; SELECT MOD(29,9); 1 rows in set (0. Using date_add in MySQL to add intervals to dates Posted in MySql - Last updated Sep.  MySQL is the most popular database system used with PHP.  Absolutely, EXCEPT clause in SQL Server is exactly similar to MINUS operation in Oracle.  I need to get to the last cell but exclude the last column.  Visitor purchases 8 apples so now I have 92 of them left Are you sure it isn&#39;t MYSQL? Dreamweaver and PHP usually use MySQL instead of MS SQL, but maybe this one will work better.  The -h option tells MySQL which host to access (in this case s1.  Streaming query rows Expressions can be used at several points in SQL statements, such as in the ORDER BY or HAVING clauses of SELECT statements, in the WHERE clause of a SELECT, DELETE, or UPDATE statement, or in SET statements.  To select non-adjacent rows or columns, hold Ctrl and select the row or column numbers.  Minus operator selects all the rows from first table but not from second table.  A2-A1).  You can remove the Amount column that sql&gt; select * from softball 2 minus 3 select * from football; name ----- baker dean falconer 3 rows selected. Introduction to SQL MINUS operator.  I am using JDBC in a java bean to connect to the database and I am using SQL to get data [SELECT] from a particular table.  Just as with the UNION operator, the same rules apply when using the EXCEPT operator.  RefNumber Output of m_dump - select only first 2 columns data I have a ebcdic file, I wanted to select only first 2 columns values in the output in the m_dump command Output of m_dump values are like below: [record id Example of MySQL SUBSTR() function extracts rest characters from a specific position The following MySQL statement returns the rest of the characters from the 5th position of the column pub_name for those publishers who belong to the country ‘USA’ from the table publisher.  FROM is followed by the name of the tables to be read, separated by commas.  It is not reviewed in advance by Oracle and does not necessarily represent the opinion of Oracle or any other party.  The UNION set operator returns the combined results of the two SELECT statements. 1.  Hi All: I need to sort some data on a spreadsheet but I am uncertain on how to select the used range.  This applies to statements such as DELETE , INSERT , REPLACE , UPDATE , and (because subqueries can be used in the SET clause) LOAD DATA INFILE .  Similar to other window functions, the PARTITION BY clause distributes the rows into partitions and the ORDER BY clause Unless otherwise stated, group functions ignore NULL values. how to do that .  SELECT column_name(s) FROM table_name AS alias_name; Demo Database one for the CustomerName column and May 18, 2009&nbsp;&#0183;&#32;Lookup minus one cell I&#180;m trying to do the difference between a cell and the cell above (i.  It is good practice to do this otherwise as well to enhance clarity. How to Select the First/Least/Max Row per Group in SQL Published Dec 7, 2006 by Selecting the one maximum row from each group. SelectLet’s examine the statement in more detail.  Which command uses columns and column aliases to determine the total value of each of the products held on hand and displays the results in a column labeled TOTVALUE? alias A(n) ________ is an alternate name given to a column or table in any SQL statement.  The data in a MySQL database are stored in tables. Description: I have a query in which a concat of a group_concat of an integer column is selected.  If you add to or subtract from a date value something that contains a time part, the result is automatically converted to a datetime value.  e.  When N is much smaller than number of rows selected using any other index, access to table using that index may give faster execution time (than any other index + filesort).  SELECT city FROM table2 MINUS SELECT city FROM table1; no rows selected As MINUS filters out duplicates then even subtracting empty set may reduce the initial set.  10 things in MySQL (that won't work as expected). You get the query for the logged users, for the other, just minus your date by one day and select the line where your timestamp is less or equal of the now() timestamp minus 24h order by timestamp desc limit 1 (do not forget to index your timestamp field).  Have a table with a DateTime type column that holds the start date and time for events.  The columns in each SELECT statement must be in the same order.  “Intersect and Minus does not support in Mysql…” Minus Operator: When user wants to fetch the record from one table only and not the common records between two tables user needs to use Minus operator.  Syntax CONCAT(string1, string2, ) Quick Example SELECT CONCAT(&#39;A&#39;,&#39;B&#39;); Null If any value is NULL, the result is NULL Last Update: MySQL 5.  , so I know a lot of things but not a lot about one thing.  Add support for sorting on UNICODE.  In the query below we take two double type variable l and b to be used as input to the procedure and one variable &quot;a&quot; to be used as an output from the procedure.  If the column that you didn&#39;t want to select had a massive amount of data in it, and you didn&#39;t want to include it due to speed issues and you select the other columns often, I would suggest that you create a new table with the one field that you don&#39;t usually select with a key to the original table and remove the field from the original table.  A pseudo column is not actually part of a row like any other columns.  If the column contains NULL values, then MySQL will include one NULL value in the output.  There is another table that contains 'docid, wordid, wordlocation' where the …Using date_add in MySQL to add intervals to dates Posted in MySql - Last updated Sep.  I can&#39;t figure out how to do this and hope you guys can give me a hint.  I need to select all the columns except only one or two columns .  &quot;Dear Folks, Is there any way to select all columns except one column from the table.  Summary: in this tutorial, you will learn how about SQL MINUS operator and how to simulate MySQL MINUS operator using join. @ypercube honestly, I am not quite sure, but my gut tells me that 'wordid' in this table is unique.  MySQL Database Forums on Bytes.  The following statement combines results with the MINUS operator, which returns only rows returned by the first query but not by the second: SELECT empno FROM emp MINUS SELECT empno FROM oldemp; SORTING QUERY RESULTS To sort query result you can use ORDER BY clause in SELECT statement.  For numeric arguments, the variance and standard deviation functions return a DOUBLE value.  col1, a.  MySQL doesn’t support the INTERSECT and MINUS set operators.  It must also retrieve no more than one row.  MySQL NOW() function calculations. 23, 6.  e you have two sets P and Q and you want P-Q which gives all the elements in P that are not in Q.  To see the problem, create a table with one Unicode (ucs2) column and one Chinese (gb2312) column. Apr 06, 2004&nbsp;&#0183;&#32;Does anybody know how I can in Excel. This section describes group (aggregate) functions that operate on sets of values.  Multiple row subquery : Returns one or more rows.  column notation.  However, if the amount column is indexed, the first query will perform faster.  I jsut tested with a non-superuser account and seemed to work fine for me on my 9.  All these 3 expressions work with MS SQL Server, Oracle and mySQL.  0 supports JSON columns and MySQL JSON functions, including creation of an index on a column generated from a JSON column as a workaround for being unable to index a JSON column.  Format this column with the last name, a comma, a space, and the first name like this: Doe, John Regrettably MINUS isn&#39;t supported in MS Access Body workaround is always to create three queries, one using the full dataset, one which pulls the rows you need to remove, along with a third that left joins the 2 tables and just pulls records that only appear in your full dataset.  To get the cheapest product in the products table, which is the product that has the lowest buy price, you use the following query:Oct 20, 2013&nbsp;&#0183;&#32;that's why the code needs to look at the bottom of column &quot;O&quot; then offset 1 column to the right then select xlup to paste the date BUT this overwrites the last cell of the previous date, (am i making sense at all?) soo say there is already data from A1 trough P20Mar 20, 2007&nbsp;&#0183;&#32;I'm having trouble understanding the MySQL docs on how to subtract two DATETIME values. sairamDescription: I have a query in which a concat of a group_concat of an integer column is selected.  The programatic creation of the database doesn't restrict the number of columns, so there are potentially hundreds of fields.  13-commercial Content reproduced on this site is the property of the respective copyright holders.  Ex: if it contains value '1900-01-01 08:44:00.  MySQL NDB Cluster 8.  This query intends to select one column from each group (defined by grouper) SELECT DISTINCT(grouper), a.  Below we are also using the DATEDIFF function to find the difference between the start and end time in seconds, then adding the number I have a Table in MySQL with Date field and date is in format (2011-08-12) I wish to run query to get me result only where Current Date - 3 Days = Date in Database column … I am unable to solve I also need the last column of data to minus the previous column.  to compare two tables 2.  In such cases, you use the ALTER TABLE DROP COLUMN statement as follows:I have a Table in MySQL with Date field and date is in format (2011-08-12) I wish to run query to get me result only where Current Date - 3 Days = Date in Database column … I am unable to solve Dec 30, 2010&nbsp;&#0183;&#32;Hello.  Expressions can be used at several points in SQL statements, such as in the ORDER BY or HAVING clauses of SELECT statements, in the WHERE clause of a SELECT, DELETE, or UPDATE statement, or in SET statements.  What I&#39;m trying to do is subtract the total of one entire MySQL column from the total of another entire column.  Alembic&#39;s architecture should support the feature but it requires that the sqlite implementation go through some much bigger hoops for these operations, namely that it has to rename the table and then fully recreate it minus the one column.  To fetch limited number of records, LIMIT clause is used in MySQL database &amp; ROWNUM in Oracle database.  If to_base is a negative number, N is regarded as a signed number.  It can be used in a SELECT, INSERT, UPDATE, or DELETE statement.  There are the situation in which we want to get all columns from the table but want to exclude few because of some reasons.  FROM table_a a LEFT JOIN table_b b .  in these two tables there are 50 columns 3.  The following statement returns the current date and time, now minus 1 hour and now plus 1 hour:Using date_add in MySQL to add intervals to dates Posted in MySql - Last updated Sep.  When the subquery returns a single row, the value of the single select list column becomes the value of the Scalar Subquery.  To create a simple SQL SELECT Statement, you must specify the column(s) name and the table name. A Minus Query is a query that uses the MINUS operator in SQL to subtract one result set from another result set to evaluate the result set difference. , select the second (or nth) most expensive product, which you cannot use MAX or MIN functions to answer. mysql select _ minus one column The Minus clause outputs the rows produced by the first query, after filtering the rows retrieved by the second query.  ThanksMYSQL: MINUS (Set Difference) Operator 4 Replies Often we need MINUS operator as defined by the SQL definitions i. mysql&gt; SELECT MOD(29,9); 1 rows in set (0.  The most difficult part when working with dates is to be sure that the format of the date you are trying to insert, matches the format of the date column in the database.  Create a temporary table in a SELECT statement without a separate CREATE TABLE.  im now trying to run a query that tells me how many users were created Exclude a column from Select * Statement There are the situation in which we want to get all columns from the table but want to exclude few because of some reasons. Sep 17, 2007&nbsp;&#0183;&#32;MySQL Forums Forum List &#187; Newbie.  These are very helpful commands when you need to pull data from different tables and show the results as one unified distinct result set.  Because MySQL also permits GROUP BY and HAVING to refer to select_expr values, this can result in an ambiguity: I want to subtract 2 column of two different tables and update in one of the table say, i have two tables &#39;main&#39; and &#39;sub&#39; both tables have a column named &#39;quantity&#39; so i have to do it in this way: Select entire column (including blank cells) except header with define name.  Insert cell: “Ctrl Shift +” If you select one cell in your spreadsheet […] &quot;Hi, Can please someone provide me the exact query how to check column names and any new columns added or not one table which will be in different database using DBC views(SIT,PROD DB&#39;s) For example I am having PARTY table in SIT DB and PROD DB.  By Carsten | October 3, 2005 Recently, I was asked to contribute a series of entries for the MySQL Network Knowledge Base (to which you get access only if you’re a MySQL Network subscriber).  View 6 RepliesMySQL: Select N rows, but with only unique values in one column.  The MySQL function SUBSTRING allows you to extract a substring from a string. 19.  There is another table that contains 'docid, wordid, wordlocation' where the …SQL Aliases. Oct 13, 2012&nbsp;&#0183;&#32;I need to select all the columns except only one or two columns .  SQL JOINs are often misunderstood and one of the biggest causes of database optimization problems.  (3_02) (3 points) Write a SELECT statement that returns one column from the Customers table named FullName that joins the LastName and FirstName columns.  Select the database you wish to work with (listed in the left column when you first access phpMyAdmin).  InvoiceLineAmount,0) as Total FROM InvoiceLine a left join InvoiceLine b ON a.  9 years, 6 What I need to do is: - Delete one entry from table formfields - Update EVERY field with ordering &gt; (ordering of the deleted field) - Set the ordering of the updated fields to the current value minus 1 (e.  Method 1 : INSERT INTO SELECT This method is used when the table is already created in the database earlier and the data is to be inserted into this table from another table.  I need to query an SQL database to find all distinct values of one column and I need an arbitrary value from another column. Oct 2, 2010 MySQL doesn&#39;t support the INTERSECT and MINUS set operators.  So, if the difference is +0.  How does one add or subtract two fields in a select statement.  the SELECT statement Which of the following is not true when you&#39;re using MySQL Workbench to test a script that contains more than one SQL statement? You cannot run all of the statements in the script at once.  Since the COUNT function will return the same results regardless of what NOT NULL field(s) you include as the COUNT function parameters (ie: within the parentheses), you can use COUNT(1) to get better performance.  2 replies Last post Oct 13, 2012 Similar to basic arithmetic calculations, arithmetic operators in SQL also have Operator Precedence.  Two mySQL Questions: 1.  Summary: in this tutorial, you will learn how to use the Oracle ALTER TABLE ADD column statement to add one or more columns to a table.  Description: When there are many indexes in table, optimizer wrongly does not even consider the one on column used in ORDER BY, when LIMIT N clause is also present.  The subquery is known as a correlated subquery because the subquery is related to the outer SQL statement.  It can be used in a SELECT…Sep 17, 2007&nbsp;&#0183;&#32;MySQL Forums Forum List &#187; Newbie.  Finding duplicate values is one of the important tasks that you must deal with when working with the databases.  In the book, one suggestion I make—which I don’t flesh out there—is to add a last_login column to the users table: ALTER TABLE `users` ADD `last_login` DATETIME NOT NULL AFTER `active` This column will be used to reflect the last time each user logged in to the site.  For a project I'm currently working on, subscribed users get up to the minute most current information (as outlined by a date field in MySQL). I want the results to show a third column called difference which is one row subtracting from the one below with the final row subtracting from zero.  Character set casts and syntax for handling multiple character sets.  I am building a social network using asp. * FROM Employees; and then Exclude a column Select statement with dynamic columns where these columns are rows in another table.  MySQL: Large VARCHAR vs.  This is done by MySQL.  In addition, a MySQL subquery can be nested inside another subquery.  They are useful when you need to combine the results from separate queries into one single result.  From Query tab, go to Design Query in Editor and Select your table of interest from Add Table window, click Add; 2.  db.  How to SUM and SUBTRACT using SQL? Subtract results of two Select queries in Mysql.  A little harder is same request when you want to find minimum value and maximum value associated with column from minimal value row.  Is there a feat that allows you to subtract a number from your AC and add it to your attack roll?MySQL NOW() function calculations.  SELECT empno FROM oldemp; MINUS Example.  If the column that you didn&#39; t want to select had a massive amount of data in it, and you MySQL MINUS ? 1.  Click on the table you want to work with, which will take you to the list of columns in the table.  First, add a few more rows to atable provided by Felix.  So I want to return Column 3 &quot;Amount Owed&quot;, but it has to be C-D in Column 2 for each member.  You then select all the records from the Times table where the Id is what values are in the temp table plus one which is the very next record from the Id column the very next record after the N1 value of 9.  (Compatible with the old one.  , now plus 1 hour, now minus 1 hour, now plus 1 day and now minus in day, etc.  For example, consider the following table with two columns, key and value: key value === ===== one test one another one value two goes two here two also three example in the case of a table which has only one row per column value--such as would happen if you were counting the values of a primary key like the uid in a users table--the distinct count would be the The ##### is shown in MS Excel when the data in a cell is too long for the column width.  The PERCENT_RANK() function always returns zero for the first row in a partition or result set.  only one row will be listed for each duplicated MySQL Date and Time Functions - Learn MySQL from basic to advanced covering database programming clauses command functions administration queries and usage along with PHP in simple steps.  of the row you want minus 1 &quot;Hi, I am trying to perform a query which i think should be easy but i&#39;m suffering from just looking at it for too long! I am trying to perform a query to retrieve: 1) the Max Date in a column, and 2) the Max Date minus one or second highest date in the column.  The MySQL protocol is sequential, this means that you need multiple connections to execute queries in parallel.  g.  A technique like this is useful for that, although on the SQL side I just leverage the GUI&#39;s ability to generate a SELECT with all the columns then I manually remove the one. 00 If you really want to just subtract the absolute value SELECT * Minus A Field Jul 26, 2007.  It sets the number of rows or non NULL column values.  mysql&gt; SELECT something FROM tbl_name-&gt; WHERE DATE_SUB(CURDATE(),INTERVAL 30 DAY) &lt;= date_col; The query also selects rows with dates that lie in the future. For some popular databases, here is a quick reference: MS SQL Server uses SQL EXCEPT, Oracle uses SQL MINUS, and mySQL doesn’t support any of them.  In my page i have two combobox.  Example 12 Cities in table1 except (minus) [distinct] empty set (cities in table3).  Then if the OCR didn&#39;t detect columns Calculate row value based on previous and actual row values.  Unfortunately, MySQL does not support MINUS operator.  Only MSSQL server and MS Access database support the SELECT TOP clause.  Multiple queries can be put together and their output combined using the minus clause.  One column minus one column. 16.  An expression that contains NULL always produces a NULL value unless otherwise indicated in the documentation for the operators and functions involved in the expression. Total the two columns and then subtract them : Introduction &#171; Math Numeric Functions &#171; MySQL TutorialSQL HOME SQL Intro SQL Syntax SQL Select SQL Select Distinct SQL Where SQL And, Or, Not SQL Order By SQL Insert Into SQL Null Values SQL Update SQL Delete SQL Select Top SQL Min and Max SQL Count, Avg, Sum SQL Like SQL Wildcards SQL In SQL Between SQL Aliases SQL Joins SQL Inner Join SQL Left Join SQL Right Join SQL Full Join SQL Self Join SQL Dec 02, 2013&nbsp;&#0183;&#32;Hi Sir, i have a table in these table i have some column which are Id, InTime , OutTime, Working Hour, Non Working Hour i formulate Working Hour = OutTime - …@ypercube honestly, I am not quite sure, but my gut tells me that 'wordid' in this table is unique.  This article compares efficiency of these methods in Oracle.  It can be used in a SELECT…Qualifying Column References.  Like Exclude or except one column, For example i have a dept table with&nbsp;If this requirement is very important to you, take a look here - calculated fields in select id, val1, val2, val1 - val2 as total from table_name;.  The &quot;item&quot; method above returns the value of one column from one row. * FROM Employees; and then Exclude a column, say for example the password column?The information_schema.  Select a cell of the column you want to select and press Alt + F11 to open the Microsoft Visual Basic for Applications window.  how to do that .  I thought the following ones were kind of fun, so I asked the maintainer if I would be These shortcuts help you insert or delete a row, column or cell.  The UNION [ALL], INTERSECT, MINUS Operators.  I&#39;d like to subtract values from columns 45rate and LOCLDTIME that occured during the same part of the day.  6 Related Functionality in MySQL Related functionality for CONCAT in MySQL: I have code to minus header row but I also need to select current region minus header row and last column.  440.  col1 = table2</strong></div>

</div>

</div>

</div>

</div>



			

</body>

</html>
